[
  {
    "name": "波浪",
    "author": "蚂蚁",
    "desc": "木落雁嗷嗷，洞庭波浪高",
    "picPath": "data/pic/pic-3.png"
  },
  {
    "name": "落日",
    "author": "蚂蚁",
    "desc": "长河落日圆",
    "picPath": "data/pic/pic-1.png"
  },
  {
    "name": "礁石",
    "author": "蚂蚁",
    "desc": "东临碣石，以观沧海",
    "picPath": "data/pic/pic-2.png"
  },
  {
    "name": "海边",
    "author": "蚂蚁",
    "desc": "浪白丝云雾",
    "picPath": "data/pic/photo-4-1699177057583.png"
  },
  {
    "name": "海边",
    "author": "蚂蚁",
    "desc": "浪白丝云雾",
    "picPath": "data/pic/photo-4-1699177245025.png"
  }
]